ADDRESS,City,Country,NAME,URLLINK,Local Area,lon,lat
2985 Kingsway,Vancouver,Canada,Collingwood,https://www.vpl.ca/location/collingwood-branch,Renfrew-Collingwood,-123.0426988,49.2362268
1950 Argyle Drive,Vancouver,Canada,Fraserview,https://www.vpl.ca/location/fraserview-branch,Victoria-Fraserview,-123.066844,49.2196414
870 Denman St,Vancouver,Canada,Joe Fortes,https://www.vpl.ca/location/joe-fortes-branch,West End,-123.1362511,49.29020435
2112 W 42nd Ave,Vancouver,Canada,Kerrisdale,https://www.vpl.ca/location/kerrisdale-branch,Kerrisdale,-123.156131,49.2332919
8386 Granville St,Vancouver,Canada,Marpole,https://www.vpl.ca/location/marpole-branch,Marpole,-123.140074,49.2103998
2969 E 22nd Ave,Vancouver,Canada,Renfrew,https://www.vpl.ca/location/renfrew-branch,Renfrew-Collingwood,-123.042269,49.2510816
1661 Napier St,Vancouver,Canada,Britannia,https://www.vpl.ca/location/britannia-branch,Grandview-Woodland,-123.0707081,49.2749646
401 Main St,Vancouver,Canada,Carnegie,https://www.vpl.ca/location/carnegie-branch,Downtown,-123.1000958,49.2810908
350 W Georgia St,Vancouver,Canada,Central Branch,https://www.vpl.ca/location/central-library,Downtown,-123.115614,49.27965895
4515 Dunbar St,Vancouver,Canada,Dunbar,https://www.vpl.ca/location/dunbar-branch,Dunbar-Southlands,-123.1855985,49.2459942
2674 E Hastings St,Vancouver,Canada,Hastings,https://www.vpl.ca/location/hastings-branch,Hastings-Sunrise,-123.0501438,49.2808664
1428 Cedar Cottage Mews,Vancouver,Canada,Kensington,https://www.vpl.ca/location/kensington-branch,Kensington-Cedar Cottage,-123.075655,49.2491218
6184 Ash St,Vancouver,Canada,Oakridge,https://www.vpl.ca/location/oakridge-branch,Oakridge,-123.117586,49.22911225
4575 Clancy Loranger Way,Vancouver,Canada,Terry Salman,https://www.vpl.ca/location/terry-salman-branch,Riley Park,-123.1078052,49.24406575
730 E Hastings St,Vancouver,Canada,Strathcona,https://www.vpl.ca/location/n%C9%99%CC%81c%CC%93a%CA%94mat-ct-strathcona-branch,Strathcona,-123.088858,49.2809809
7110 Kerr St,Vancouver,Canada,Champlain Heights,https://www.vpl.ca/location/champlain-heights-branch,Killarney,-123.039568,49.2189889
1455 W 10th Ave,Vancouver,Canada,Firehall,https://www.vpl.ca/location/firehall-branch,Fairview,-123.1376282,49.26293245
2425 Macdonald St,Vancouver,Canada,Kitsilano,https://www.vpl.ca/location/kitsilano-branch,Kitsilano,-123.168715,49.2647206
1 Kingsway,Vancouver,Canada,Mount Pleasant,https://www.vpl.ca/location/mount-pleasant-branch,Mount Pleasant,-123.1000497,49.26414095
6076 Fraser St,Vancouver,Canada,South Hill,https://www.vpl.ca/location/south-hill-branch,Sunset,-123.0903519,49.22957095
4566 W 10th Ave,Vancouver,Canada,West Point Grey,https://www.vpl.ca/location/west-point-grey-branch,West Point Grey,-123.211058,49.2636579